{"count":1,"self":10.149096,"total":10.4318815,"children":{"InitializeActuators":{"count":1,"self":0.0020001999999999997,"total":0.0020001999999999997,"children":null},"InitializeSensors":{"count":1,"self":0.0020017999999999998,"total":0.0020017999999999998,"children":null},"AgentSendState":{"count":501,"self":0.012929999999999999,"total":0.032013599999999996,"children":{"CollectObservations":{"count":101,"self":0,"total":0,"children":null},"WriteActionMask":{"count":101,"self":0.0009996,"total":0.0009996,"children":null},"RequestDecision":{"count":101,"self":0.0060538,"total":0.018084,"children":{"AgentInfo.ToProto":{"count":101,"self":0.0030007999999999996,"total":0.0120302,"children":{"GenerateSensorData":{"count":101,"self":0.0090294,"total":0.0090294,"children":null}}}}}}},"DecideAction":{"count":501,"self":0.23070759999999998,"total":0.23070759999999998,"children":null},"AgentAct":{"count":501,"self":0.013063199999999999,"total":0.013063199999999999,"children":null}},"gauges":{},"metadata":{"timer_format_version":"0.1.0","start_time_seconds":"1639492796","unity_version":"2020.3.23f1","command_line_arguments":"C:\\Users\\lolds\\Northeastern\\Third year 2021-2022\\cs4100\\cs4100_final\\NEW_build_originalFeatures\/UnityEnvironment.exe -nographics -batchmode --mlagents-port 5007","communication_protocol_version":"1.5.0","com.unity.ml-agents_version":"2.1.0-exp.1","scene_name":"SoccerTwos","end_time_seconds":"1639492807"}}