{"count":1,"self":10.612685599999999,"total":10.8749284,"children":{"InitializeActuators":{"count":1,"self":0.00099969999999999985,"total":0.00099969999999999985,"children":null},"InitializeSensors":{"count":1,"self":0.0019998999999999998,"total":0.0019998999999999998,"children":null},"AgentSendState":{"count":501,"self":0.0069409,"total":0.0247195,"children":{"CollectObservations":{"count":101,"self":0.0030007,"total":0.0030007,"children":null},"WriteActionMask":{"count":101,"self":0.0009705,"total":0.0009705,"children":null},"RequestDecision":{"count":101,"self":0.0059686999999999995,"total":0.0138074,"children":{"AgentInfo.ToProto":{"count":101,"self":0,"total":0.0078386999999999988,"children":{"GenerateSensorData":{"count":101,"self":0.0078386999999999988,"total":0.0078386999999999988,"children":null}}}}}}},"DecideAction":{"count":501,"self":0.22263439999999998,"total":0.22263439999999998,"children":null},"AgentAct":{"count":501,"self":0.0088878,"total":0.0088878,"children":null}},"gauges":{},"metadata":{"timer_format_version":"0.1.0","start_time_seconds":"1639516210","unity_version":"2020.3.23f1","command_line_arguments":"C:\\Users\\lolds\\Northeastern\\Third year 2021-2022\\cs4100\\cs4100_final\\NEW_build_distanceFeatures_addedVelocity\/UnityEnvironment.exe --mlagents-port 5006","communication_protocol_version":"1.5.0","com.unity.ml-agents_version":"2.1.0-exp.1","scene_name":"SoccerTwos","end_time_seconds":"1639516221"}}